Name,Price,Rating
"boAt Rockerz 430, 40ms Latency, 40H Battery, Stream Ad Free Music via App, Bluetooth",1199,4.1
"boAt Rockerz 411,40H Battery, 40ms Latency, Stream Ad Free Music via App, BT v5.4 Bluetooth",1199,4
Techpunch COMFORTABLE EAR PADS WIRELESS HEADPHONE WITH AUX SUPPORT COMPATIBLE DEVICE. Bluetooth & Wired,290,3.5
"house of common Bluetooth On-Ear Headphones with HD Sound, Foldable Frame, and Built-In Mic_YZ Bluetooth & Wired",476,3.9
"PTron Studio Evo w/ 70Hrs Playtime,Dual Pairing,Pristine Audio,Clear Calls,Fast Charge Bluetooth",799,4
"boAt Rockerz 412, 60H Battery,40ms Latency,ENx, Stream Ad Free Music via App Bluetooth",1299,4.2
F FERONS Wireless Headphone BT 5.0 Over Ear Foldable with Built-in Mic SD Card Supported Bluetooth,290,3.8
house of common Wireless Over-Ear Headphones for Gaming with Booming Bass Audio_IA Bluetooth & Wired,498,N/A
"ZEBRONICS Zeb- Thunder, With 60H Backup, BT v5.3, Gaming Mode, ENC, AUX, mSD, Dual Pairing Bluetooth",699,4
F FERONS Wireless Running Premium Deep Bass Noise Cancelling Stereo Headphone Bluetooth,294,3.8
"boAt Rockerz 413,60H Battery,ENx, BEAST Mode, Dual Pair, Stream Ad Free Music via App Bluetooth",1399,4.2
"TRIGGR Trinity 2 with Dual Pairing, ENC, Fast Charge, 50H Battery, Rubber Finish, v5.3 Bluetooth",799,3.9
"ZEBRONICS Thunder, With 60H Backup, BT v5.3, Gaming Mode, ENC, AUX, mSD, Dual Pairing Bluetooth",749,4
AIZINA Foldable Bluetooth Studio with Avalanche Bass Impact_FT Bluetooth & Wired,498,N/A
"ZEBRONICS Zeb-Duke, with 60h Backup, BT v5.3, Gaming Mode, ENC, LED Lights, Dual Pairing Bluetooth",999,4
Pharaoh P9 Wireless Bluetooth Headphones Over Ear With Noise Reduction A6 Bluetooth Gaming,599,3.1
"boAt Rockerz 425,25H Battery, BEAST Mode,ENx,Dual Pair, Stream Ad Free Music via App Bluetooth",999,4.1
"boAt Rockerz 650 Pro(2025 Launch), Touch/Swipe Controls, Dolby Audio, 80 Hrs Battery Bluetooth",2599,4.2
"GDS Recharge Support Headphones with Mic, SD Card, Long Runtime_YJ Bluetooth & Wired",497,N/A
"ZEBRONICS Thunder Max (ZEB-WHP 7), 120H Playtime, 3 EQ Modes, ENC,BT v5.4, Metallic Finish Bluetooth",999,4
"Noise Airwave Max XR, 120H Segment Best Playtime, ANC, HFA Tech, Dual Pairing, BT V6.0 Bluetooth",2999,4.6
"truke BTG 500 with 40mm Drivers, 10H of Playtime, Dual Pairing, Gaming Mode, ENC, 5.4v Bluetooth Gaming",899,4
"ZEBRONICS Zeb- Thunder, With 60H Backup, BT v5.3, Gaming Mode, ENC, AUX, mSD, Dual Pairing Bluetooth",699,4
"ZEBRONICS Zeb- Thunder, With 60H Backup, BT v5.3, Gaming Mode, ENC, AUX, mSD, Dual Pairing Bluetooth & Wired",699,4
"GOBOULT (formerly Boult) Fluid X 60Hrs, 40mm Drivers, Foldable design, ENC Mic, 5.4v Bluetooth & Wired",1999,4.1
"ZEBRONICS Zeb- Thunder, With 60H Backup, BT v5.3, Gaming Mode, ENC, AUX, mSD, Dual Pairing Bluetooth",749,4
"GOBOULT (formerly Boult) Mustang Thunder 70H Battery, ENC Mic, 40mm Drivers, LED Lights Bluetooth & Wired",2799,4.2
GOBOULT (formerly Boult) Bluetooth & Wired,1699,4.1
"boAt Rockerz 512 ANC, 40dB Hybrid ANC, 80H Battery, ENx,Stream Ad Free Music via App Bluetooth",2799,4.3
AIZINA Sports Edition Wireless Headphones with Mic & SD Card Slot_PH Bluetooth & Wired,498,N/A
boAt 450 Pro with Upto 70 Hours Playback Bluetooth,1799,4.2
"Noise Airwave Max 4 with 70 Hours Playtime,ENC wiith Dual pairing & Ultra-low latency Bluetooth & Wired",1699,3.9
"boAt Rockerz 425,25H Battery, BEAST Mode,ENx,Dual Pair, Stream Ad Free Music via App Bluetooth",999,4.1
"boAt Rockerz 412, 60H Battery,40ms Latency,ENx, Stream Ad Free Music via App Bluetooth",1299,4.2
"TRIGGR Trinity 2 with Dual Pairing, ENC, Fast Charge, 50H Battery, Rubber Finish, v5.3 Bluetooth",999,3.9
F FERONS Wireless Premium Deep Bass Sports Headphone Foldable HIFI Stereo Sound Bluetooth,295,3.8
"JBL Live 770NC with ANC, 65Hr Playtime,Speed-charge,BT 5.3 (LE Audio), Personify 2.0 Bluetooth",8999,4.4
"TRIGGR Trinity 2 with Dual Pairing, ENC, Fast Charge, 50H Battery, Rubber Finish, v5.3 Bluetooth",999,3.9
AIZINA Compact Wireless Foldable Bass Intensity Noise Cancelling_QX Bluetooth & Wired,498,N/A
ZEBRONICS ZEB-THUNDER Bluetooth,699,4
